{
	"era": "steam",
	"name": "Class N2",
	"works": "British Locomotive Company",
	"model": "immersiverailroading:models/rolling_stock/locomotives/class_n2/class_n2.obj",
	"darken_model": "-0.05",
	"properties": {
		"max_psi": 170,
		"water_capacity_l": 9100, 
		"horsepower": 2200,
		"tractive_effort_lbf": 19945,
		"max_speed_kmh": 112,
		"valve_gear": "stephenson",
		"weight_kg": 65317
	},
	"firebox": {
		"slots": 15,
		"width": 5
	},
	"passenger": {
		"slots": 2,
		"center_x": -2.8,
		"center_y": 2,
		"length": 1.2,
		"width": 2.5
	},
	"trucks": {
		"front": 1, 
		"rear": -1
	},
	"couplers": {
		"front_offset": 0.3,
		"rear_offset": 0.3
	}
}