{
	"era": "steam",
	"name": "GWR King Class",
	"works": "Swindon Works",
	"model": "immersiverailroading:models/rolling_stock/locomotives/gwr_king/gwr_king.obj",
	"darken_model": "-0.05",
	"properties": {
		"max_psi": 250,
		"water_capacity_l": 20000, 
		"horsepower": 2800,
		"tractive_effort_lbf": 40300,
		"max_speed_kmh": 160,
		"valve_gear": "stephenson",
		"weight_kg": 90428
	},
	"firebox": {
		"slots": 12,
		"width": 3
	},
	"passenger": {
		"slots": 2,
		"center_x": -4.27,
		"center_y": 1.95,
		"length": 1.47,
		"width": 2.4
	},
	"trucks": {
		"front": 2.68, 
		"rear": -2.68
	},
	"couplers": {
		"front_offset": 0,
		"rear_offset": -0.05

	},
        "sounds": {
            "quilling": [
            {
                "pull_start": 0.25,
                "pull_end": 0.55,
                "pitch_start": 0.9,
                "pitch_end": 1,
                "sample": "sounds/steam/whistles/gwr_whistle.ogg"
            }
        ]
    }
}