{
	"era": "diesel",
	"name": "EMD GP-9",
	"works": "Electro-Motive Division",
	"model": "immersiverailroading:models/rolling_stock/locomotives/emd_gp9/emd_gp9.obj",
	"darken_model": "-0.05",
	"properties": {
		"fuel_efficiency_%": 50,
		"fuel_capacity_l": 6435,
		"horsepower": 1750,
		"tractive_effort_lbf": 62750,
		"max_speed_kmh": 110,
		"weight_kg": 112050
	},
	"passenger": {
		"slots": 3,
		"center_x": 3.6,
		"center_y": 2.2,
		"length": 1,
		"width": 2.9
	},
	"trucks": {
		"front": 4.7, 
		"rear": -4.7
	},
    "couplers": {
		"front_offset": -0.09,
		"rear_offset": -0.09
	},
	"sounds": {
		"horn": "sounds/diesel/gp38_2/horn.ogg",
		"idle": "sounds/diesel/gp38_2/notch6.ogg"
	}
}
