{
	"era": "diesel",
	"name": "EMD SD70ACe",
	"works": "Electro-Motive Division",
	"model": "immersiverailroading:models/rolling_stock/locomotives/emd_sd70ace/emd_sd70ace.obj",
	"darken_model": "-0.05",
	"properties": {
		"fuel_efficiency_%": 75,
		"fuel_capacity_l": 18927,
		"horsepower": 4500,
		"tractive_effort_lbf": 191000,
		"max_speed_kmh": 120,
		"weight_kg": 188240
	},
	"passenger": {
		"slots": 4,
		"center_x": 7.8,
		"center_y": 2.7,
		"length": 1.3,
		"width": 2.8
	},
	"trucks": {
		"front": 7.5, 
		"rear": -7.5
	},
    "couplers": {
		"front_offset": -0.09,
		"rear_offset": -0.09
	},
	"sounds": {
		"horn": "sounds/diesel/horns/testquill.ogg",
		"idle": "sounds/diesel/engines/notch1.ogg",
			"quilling": [
			{
				"pull_start": 0.2,
				"pull_end": 0.2,
				"pitch_start": 1,
				"pitch_end": 1,
				"sample": "sounds/diesel/horns/testquill.ogg"
			}
		]
	}
}