{
	"era": "diesel",
	"name": "900 Class Railmotor",
	"works": "New South Wales Government Railways",
	"model": "immersiverailroading:models/rolling_stock/locomotives/nswgr_900_class_railmotor/nswgr_900_class_railmotor.obj",
	"darken_model": "-0.1",
	"properties": {
		"fuel_efficiency_%": 85,
		"fuel_capacity_l": 852,
		"horsepower": 670,
		"tractive_effort_lbf": 8500,
		"max_speed_kmh": 115,
		"weight_kg": 35834
	},
	"passenger": {
		"slots": 22,
		"center_x": 0,
		"center_y": 1.2,
		"length": 9,
		"width": 2
	},
	"trucks": {
		"front": 6.9, 
		"rear": -6.9
	},
	"couplers": {
		"front_offset": -0.09,
		"rear_offset": -0.09
	}
}
