{
	"name": "Midland Railway 6 Ton Covered Fish Wagon",
	"model": "immersiverailroading:models/rolling_stock/freight/6_ton_covered_fish_wagon/6_ton_covered_fish_wagon.obj",
	"darken_model": "-0.05",
	"properties": {
		"weight_kg": 7116
	},
	"passenger": {
		"slots": 4,
		"center_x": 0,
		"center_y": 1.4,
		"length": 1.4,
		"width": 2
	},
	"freight": {
		"slots": 16,
		"width": 4,
		"cargo": ["all"]
	},
	"trucks": {
		"front": 1.4, 
		"rear": -1.4
	},
	"couplers": {
		"front_offset": 0,
		"rear_offset": 0
	}
}