{
	"name": "GWR King Class Tender",
	"model": "immersiverailroading:models/rolling_stock/tender/gwr_king_tender/gwr_king_tender.obj",
	"darken_model": "-0.05",
	"properties": {
		"weight_kg": 46738
	},
	"passenger": {
		"slots": 2,
		"center_x": 3.35,
		"center_y": 1.9,
		"length": 0.377,
		"width": 2.3
	},
	"tank": {
		"capacity_l":  18000
	},
	"tender": {
		"slots": 34,
		"width": 12
	},
	"trucks": {
		"front": 1.9, 
		"rear": -1.9
	},
	"couplers": {
		"front_offset": 0,
		"rear_offset": 0.03
	}
}