{
	
	"name": "Extended Vision Caboose (Variant 2)",

	"model": "immersiverailroading:models/rolling_stock/caboose/exvis_caboose/exvis_caboose.obj",

	"darken_model": "0.05",

	"properties": {

		"weight_kg": 24800
	},

	"passenger": {

		"slots": 12,

		"center_x": 0,

		"center_y": 1.4,

		"length": 5.2,

		"width": 2.2
	},
	"freight": {

		"slots": 6,

		"width": 6,

		"cargo": ["all"]

	},
	"trucks": {

		"front": 3,
 
		"rear": -3

	},

	"couplers": {

		"front_offset": -0.08,

		"rear_offset": -0.08

	}

}