{
	"era": "steam",
	"name": "Bladwin Decapod",
	"works": "Baldwin Locomotive Works",
	"model": "immersiverailroading:models/rolling_stock/locomotives/baldwin_decapod/baldwin_decapod.obj",
	"darken_model": "-0.05",
	"properties": {
		"max_psi": 190,
		"water_capacity_l": 35000, 
		"horsepower": 4500,
		"tractive_effort_lbf": 46512,
		"max_speed_kmh": 104,
		"valve_gear": "walschaerts",
		"weight_kg": 96162
	},
	"firebox": {
		"slots": 12,
		"width": 4
	},
	"passenger": {
		"slots": 2,
		"center_x": -4.92,
		"center_y": 2.2,
		"length": 2.09,
		"width": 3.06
	},
	"trucks": {
		"front": 2.696, 
		"rear": 0.0
	},
	"couplers": {
		"front_offset": -0.08,
		"rear_offset": -1
	},
        "sounds": {
            "quilling": [
            {
                "pull_start": 0.25,
                "pull_end": 0.55,
                "pitch_start": 0.8,
                "pitch_end": 1,
                "sample": "sounds/steam/whistles/5chimebaldwin.ogg"
            }
        ]
    }
}