{
	"era": "steam",
	"name": "S-2 Berkshire Class",
	"works": "Lima Locomotive Works",
	"model": "immersiverailroading:models/rolling_stock/locomotives/s2_berkshire/s2_berkshire.obj",
	"darken_model": "-0.05",
	"properties": {
		"max_psi": 245,
		"water_capacity_l": 83279, 
		"horsepower": 4000,
		"tractive_effort_lbf": 64100,
		"max_speed_kmh": 128,
		"valve_gear": "walschaerts",
		"weight_kg": 364007
	},
	"firebox": {
		"slots": 32,
		"width": 4
	},
	"passenger": {
		"slots": 3,
		"center_x": -8.3,
		"center_y": 2.3,
		"length": 0.5,
		"width": 2.75
	},
	"trucks": {
		"front": 3, 
		"rear": -2.5
	},
	"couplers": {
		"front_offset": -0.08,
		"rear_offset": -1
	},
		"sounds": {
		"whistle": "sounds/steam/berkshire/whistle.ogg",
		"idle": "sounds/steam/berkshire/idle.ogg",
		"chuff": "sounds/steam/berkshire/chuff.ogg",
		"pressure": "sounds/steam/berkshire/pressure.ogg",
			"quilling": [
			{
				"pull_start": 0.25,
				"pull_end": 0.55,
				"pitch_start": 0.9,
				"pitch_end": 1.1,
				"sample": "sounds/steam/berkshire/whistle.ogg"
			}
		]
	}
}