{
	"era": "steam",
	"name": "Virginia & Truckee 4-4-0 American",
	"works": "Virginia & Truckee Railroad Company",
	"model": "immersiverailroading:models/rolling_stock/locomotives/vt_440/vt_440.obj",
	"darken_model": "-0.05",
	"properties": {
		"max_psi": 130,
		"water_capacity_l": 7570, 
		"horsepower": 1400,
		"tractive_effort_lbf": 11705,
		"max_speed_kmh": 44,
		"valve_gear": "stephenson",
		"weight_kg": 52616
	},
	"firebox": {
		"slots": 9,
		"width": 3
	},
	"passenger": {
		"slots": 2,
		"center_x": -4,
		"center_y": 1.5,
		"length": 1.2,
		"width": 2.5
	},
	"trucks": {
		"front": 1, 
		"rear": -1
	},
	"couplers": {
		"front_offset": -0.08,
		"rear_offset": -0.5
	}
}
