{
	"name": "Baldwin Decapod",
	"model": 	"immersiverailroading:models/rolling_stock/tender/baldwin_decapod_tender/baldwin_decapod_tender.obj",
	"darken_model": "-0.05",
	"properties": {
		"weight_kg": 169190
	},
	"passenger": {
		"slots": 2,
		"center_x": 4.1,
		"center_y": 1.85,
		"length": 0.34,
		"width": 2.35
	},
	"tank": {
		"capacity_l":  30283
	},
	"tender": {
		"slots": 34,
		"width": 12
	},
	"trucks": {
		"front": 2.4, 
		"rear": -2.4
	},
	"couplers": {
		"front_offset": -0.26,
		"rear_offset": -0.08
	}
}
