{
	"name": "B&O P7 Tender",
	"model": 	"immersiverailroading:models/rolling_stock/tender/bo_p7_tender/bo_p7_tender.obj",
	"darken_model": "-0.05",
	"properties": {
		"weight_kg": 98883
	},
	"passenger": {
		"slots": 2,
		"center_x": 4.96,
		"center_y": 1.88,
		"length": 0.47,
		"width": 2.37
	},
	"tank": {
		"capacity_l":  49210
	},
	"tender": {
		"slots": 34,
		"width": 12
	},
	"trucks": {
		"front": 3.24, 
		"rear": -3.24
	},
	"couplers": {
		"front_offset": -0.4,
		"rear_offset": -0.08
	}
}
