{
	"name": "Challenger GH Tender",
	"model": "immersiverailroading:models/rolling_stock/tender/centipede_oil_tender_gh/centipede_oil_tender_gh.obj",
	"darken_model": "-0.05",
	"properties": {
		"weight_kg": 74389
	},
	"passenger": {
		"slots": 2,
		"center_x": 4,
		"center_y": 2.5,
		"length": 1,
		"width": 1.5
	},
	"tank": {
		"capacity_l":  100000
	},
	"tender": {
		"slots": 80,
		"width": 20
	},
	"trucks": {
		"front": 5, 
		"rear": -2.5
	},
	"couplers": {
		"front_offset": -0.5,
		"rear_offset": 0
	}
}