{
	"name": "Virginia & Truckee 4-4-0 American Tender",
	"model": "immersiverailroading:models/rolling_stock/tender/vt_440_tender/vt_440_tender.obj",
	"darken_model": "-0.05",
	"properties": {
		"weight_kg": 54064
	},
	"passenger": {
		"slots": 2,
		"center_x": 3.4,
		"center_y": 2,
		"length": 1,
		"width": 2.5
	},
	"tank": {
		"capacity_l":  23279
	},
	"tender": {
		"slots": 24,
		"width": 6
	},
	"trucks": {
		"front": 1.37, 
		"rear": -1.37
	},
	"couplers": {
		"front_offset": -0.4,
		"rear_offset": -0.08
	}
}
